Группа;Деталь;Искать;Кол-во;Зачем;Ориентир, ₽ (от);Ориентир, ₽ (до);за шт.;Источник цены;Аналоги;На что не попасться
Электроника;Плата GNSS GY-GPSV3-M9N (u-blox NEO-M9N), с керамической патч-антенной 25×25;GY-GPSV3-M9N NEO-M9N;1;приёмник GPS/ГЛОНАСС/Galileo/BeiDou, до 25 Гц, UBX;1500;2200;да;выдача: 1 589 ₽ AliExpress (26.09), $17,6–22 Alibaba, €27 TinyTronics;Matek M9N-5883 (~7 300 ₽, питание 4–5,5 В → VCC от 5V), CUAV NEO 3 (8 600–13 000 ₽, разъём GH), Holybro M9N;На экране модуля должно быть «u-blox NEO-M9N-00B». «M9N» за 500–900 ₽ — почти всегда M8N или клон. GY-NEO6MV2/NEO-6M, ATGM336H, «BN-220» — 1–10 Гц, NMEA, прошивка их не поддерживает. GY-GPSV3-M8N (та же плата) — максимум 10 Гц. Проверка — лог при старте: «GNSS NEO-M9N-00B: UBX OK, rate 25 Hz».
Электроника;ESP32-C3 SuperMini (USB-C, 22,5×18 мм, 2 ряда по 8 пинов);ESP32-C3 SuperMini;2 (1 + запас);контроллер: Wi-Fi к iPhone, BLE, разбор UBX, питание GPS 3,3 В;210;500;да;выдача: 208–770 ₽ Яндекс Маркет, 300 ₽ розница;ESP32-C3 SuperMini с U.FL-антенной — тот же пин-аут;"Другие «C3 Mini/Core» (LuatOS 21×51, DevKitM) в карман 22,5×18 не войдут. У части плат слабый Wi-Fi и нет резисторов CC на USB-C — поэтому кабель USB-A→C и мощность Wi-Fi 8,5 дБм в прошивке; вторая плата — на случай брака."
Электроника;Светодиод WS2812B 5050 на круглой мини-плате Ø10 мм, 5 В (набор 10 шт);WS2812B 5050 mini PCB 10mm;1 набор (нужен 1 шт);статусный LED под световодом в крышке;85;150;упаковка;выдача: 84–94 ₽ за 10 шт;SK6812 5050 на такой же плате Ø10;Не RGBW (SK6812 4-канальный), не «модуль 12 мм на проводах». Пятаки на обороте: 5V, GND, DIN, DOUT.
Электроника;Диод 1N4148 (DO-35);1N4148;1 (+запас);питание LED 5 В − 0,7 В ≈ 4,3 В: LED надёжно понимает сигнал 3,3 В от ESP32;3;10;да;оценка;1N4001…1N4007, любой маломощный кремниевый;Полоска (катод) — к LED.
Электроника;Резистор 330 Ом 0,25 Вт;резистор 330 Ом 0,25 Вт;1 (+запас);в линию данных LED (гасит звон, защищает вход);3;10;да;оценка (Чип и Дип CF-25 ~6 ₽ по выдаче 27.09);220–470 Ом;
Электроника;Провод силиконовый 26 AWG, набор 6 цветов (красный, чёрный, жёлтый, синий, белый, зелёный);провод силиконовый 26 AWG набор;≈ 0,5 м на прибор;7 проводов по таблице;750;1200;упаковка;выдача: 750–1 232 ₽ за 5–6 цветов по 10 м;28 AWG или МГТФ 0,12 (дешевле, цвета маркером/термоусадкой);Не толще 24 AWG — не уложите, оторвёте пятаки.
Электроника;Термоусадка 1,5 и 3 мм (набор);термоусадка набор;≈ 10 см;изолировать диод, резистор и пайку на проводах;150;300;упаковка;оценка;;
Электроника;Скотч двусторонний вспененный 1 мм, акриловый клей (3M/Scotch, типа VHB);скотч двусторонний 3M VHB 1 мм;≈ 10 см;ESP32 на дно, GPS на рейки;150;400;упаковка;оценка;;Не дешёвый на полиэтиленовой пене — в жару отклеится.
Питание в машине;Автомобильное ЗУ в прикуриватель с портами USB-A + USB-C (напр. Baseus 45 Вт CCMLC20C-01, UGREEN 42,5 Вт 60980);автомобильное зарядное USB-A USB-C Baseus Ugreen;1;"USB-A — 5 В для PITLANE GPS; USB-C — зарядка iPhone, который раздаёт Wi-Fi и садится";1050;1800;да;выдача: 1 050 ₽ Baseus 45 Вт (COREPC), 1 408–1 838 ₽ Яндекс Маркет;"любое фирменное ЗУ с USB-A 5 В ≥ 1 А; штатный USB-A машины, если он не отключается и даёт ≥ 0,5 А";Не «no-name» без защиты (шум и просадки на 5 В). Не только USB-C: с кабелем C–C часть плат SuperMini не получит питание (нет резисторов CC).
Питание в машине;Кабель USB-A → USB-C угловой 90°, 1 м, с передачей данных (напр. UGREEN US284 50941);кабель USB-A USB-C угловой 90 1 м UGREEN 50941;1;"питание в машине; тем же кабелем — прошивка с компьютера";465;600;да;выдача: 465 ₽ ShoWay, 490 ₽ UGREEN 50941;"прямой USB-A→C; 0,5 м, если ЗУ рядом";Не «только зарядка» — компьютер не увидит плату. Литьё штекера ≤ 12,4×6,8 мм (окно корпуса 12,8×7,0).
Крепёж и крепление в салоне;Магнит неодимовый диск 10×2 мм N52 (никель);неодимовый магнит 10x2 N52;4 (+2);в карманы дна — держат прибор на стальной пластине;10;25;да;выдача: 10–19,5 ₽/шт за 10×3 (10×2 — тот же порядок);10×1,5 (держат слабее);10×3 не войдёт (карман 2,2 мм). Полярность не важна: магнит тянет сталь любой стороной.
Крепёж и крепление в салоне;Металлическая пластина для магнитного держателя телефона, самоклеящаяся (3M), ≥ 50×38 мм;пластина для магнитного держателя самоклеящаяся;1 (+1);"клеится на торпеду, к ней магниты корпуса; прибор снимается одной рукой";15;70;да;выдача: 13,5–17 ₽ (Сима-ленд), набор 3 шт 209 ₽;липучка Dual Lock 3M (без магнитов);Клеить на обезжиренный пластик при ≥ +20 °C, полная прочность через 24 ч.
Крепёж и крепление в салоне;Суперклей-гель (цианоакрилат);суперклей гель;1;магниты в карманы, фланец световода;100;200;упаковка;оценка;эпоксидка 5 мин;Не на лицевую сторону световода — помутнеет.
Крепёж и крепление в салоне;Саморез DIN 7982 ST2,2×9,5, потай, PH1, нерж. A2;саморез DIN 7982 2,2x9,5 A2;4 (+2);крышка ↔ основание, снизу (сверху крепежа нет);2;5;да;выдача: 0,4–4,6 ₽/шт (часто упаковкой 100–1000 шт);ST2,2×8 (держит слабее), ST2,2×9,5 DIN 7981 (полукруглая — будет торчать);Не M2 «по металлу» — в Ø1,9 под саморез не нарежет.
Пластик для печати;ASA 1,75 мм, чёрный или тёмно-серый (графит), 1 кг (Eryone / Elegoo / Bambu / eSUN);ASA 1.75 черный 1 кг;≈ 25 г на прибор;основание и крышка: держит жару под стеклом (размягчение ~95–100 °C) и солнце (УФ);1450;3400;упаковка;выдача: 1 450 ₽ Eryone (3DROB), 2 100 Elegoo, 2 500 Bambu, 3 400 eSUN;"ABS — по жаре так же, на солнце выцветает; ASA-CF/GF — матовее и жёстче";PETG на торпеду НЕ годится (размягчается ~75–80 °C, ведёт летом). PLA — нельзя совсем. ASA печатать в закрытом принтере.
Пластик для печати;PETG прозрачный (clear/natural) 1,75 мм;PETG прозрачный 1.75;< 1 г;световод статусного LED;1050;1500;упаковка;выдача: 1 050 ₽ Eryone (3DROB, 27.09), 1 500 ₽ eSUN;"PC прозрачный (лучше по жаре); обрезок прозрачного PETG у знакомых";Световод закрыт крышкой со всех сторон, кроме лица 1,6×8,4 мм — прогрев ему не страшен.
Инструменты (если нет);Паяльник 40–60 Вт с регулировкой, тонкое жало, припой 0,5–0,8 мм с флюсом, флюс;;—;пайка 14 точек;1000;3000;упаковка;оценка;;
Инструменты (если нет);Мультиметр;;—;прозвонка, 3,3 и 5 В;600;1500;упаковка;оценка;;
Инструменты (если нет);Бокорезы, пинцет, стриппер, зажигалка/фен для термоусадки;;—;;300;800;упаковка;оценка;;
Инструменты (если нет);Штангенциркуль;;—;сверить платы с моделью до печати;300;1000;упаковка;оценка;;
Инструменты (если нет);Компьютер с Chrome или Edge;;—;прошивка один раз (с iPhone прошить нельзя);0;0;упаковка;;;
